input,output,instruction
CafÃ© da manhÃ£ ,"PÃ£o, quero comer pÃ£o, ğŸ
Fruta, quero comer fruta, ğŸ
Iogurte, quero beber iogurte, ğŸ¥›
Suco, quero beber suco, ğŸ§ƒ
Panqueca, quero comer panqueca, ğŸ¥",
AlmoÃ§o pernambucano,"Arroz de Carne de Sol, eu quero comer arroz de carne de sol, ğŸš
FeijÃ£o Verde, eu quero feijÃ£o verde, ğŸ¥˜
Cuscuz, eu gostaria de cuscuz, ğŸ²
Bolinhos de Macaxeira, eu quero bolinhos de macaxeira, ğŸ¥Ÿ
Peixada, eu gostaria de peixada, ğŸŸ",
AlmoÃ§o,"FeijÃ£o Verde, eu quero feijÃ£o verde, ğŸ¥˜
Arroz, eu quero arroz, ğŸš
FeijÃ£o, eu quero feijÃ£o, ğŸ¥˜
Frango, eu gostaria de frango, ğŸ—
Salada, eu quero salada, ğŸ¥—
Carne, eu quero carne, ğŸ¥©",
Higiene Pessoal,"Escovar os Dentes, eu quero escovar os dentes, ğŸª¥
Tomar Banho, eu preciso tomar banho, ğŸš¿
Lavar as MÃ£os, eu quero lavar as mÃ£os, ğŸ§¼
Usar Desodorante, eu preciso usar desodorante, ğŸ§´
Pentear o Cabelo, eu quero pentear o cabelo, ğŸ’‡",
Caminhar,"Dar uma Caminhada, eu quero dar uma caminhada, ğŸš¶
Passear no Parque, eu gostaria de passear no parque, ğŸŒ³
Caminhar na Rua, eu quero caminhar na rua, ğŸ™ï¸
Explorar Novos Lugares, eu quero explorar novos lugares, ğŸ—ºï¸
Caminhar com Amigos, eu gostaria de caminhar com amigos, ğŸ‘«",
Descansar,"Descansar, eu quero descansar, ğŸ˜Œ
Relaxar, eu preciso relaxar, ğŸ›‹ï¸
Fazer uma Sesta, eu gostaria de fazer uma sesta, ğŸ’¤
Assistir TV, eu quero assistir TV, ğŸ“º
Ler um Livro, eu gostaria de ler um livro, ğŸ“–",
Escola,"Ir para a Escola, eu vou para a escola, ğŸ«
Fazer a LiÃ§Ã£o de Casa, eu preciso fazer a liÃ§Ã£o de casa, ğŸ“š
Participar das Aulas, eu quero participar das aulas, ğŸ“
Estudar para a Prova, eu preciso estudar para a prova, ğŸ“–
Conversar com os Colegas, eu quero conversar com os colegas, ğŸ—£ï¸",
Querer,"Quero Comer, eu gostaria de comer, ğŸ½ï¸
Quero Beber, eu quero beber algo, ğŸ¹
Quero Viajar, eu gostaria de viajar, âœˆï¸
Quero Brincar, eu quero brincar, ğŸ²
Quero Descansar, eu preciso descansar, ğŸ›Œ",
MÃ©dico,"Marcar Consulta, eu preciso marcar uma consulta, ğŸ“…
Tomar Medicamento, eu quero tomar o medicamento, ğŸ’Š
Fazer Exames, eu preciso fazer exames, ğŸ©º
Consultar Sobre Sintomas, eu quero consultar sobre meus sintomas, ğŸ¤•
Receber ReceituÃ¡rio, eu preciso receber o receituÃ¡rio, ğŸ“",
Parque,"Brincar no Parquinho, eu quero brincar no parquinho, ğŸ›
Fazer um Piquenique, eu gostaria de fazer um piquenique, ğŸ§º
Andar de Bicicleta, eu quero andar de bicicleta, ğŸš´
Observar as Ãreas de Lazer, eu quero observar as Ã¡reas de lazer, ğŸ‘€
Relaxar no Gramado, eu gostaria de relaxar no gramado, ğŸŒ¿",
Mercado,"Comprar Alimentos, eu quero comprar alimentos, ğŸ›’
Procurar Ofertas, eu gostaria de procurar ofertas, ğŸ·ï¸
Pagar as Compras, eu preciso pagar as compras, ğŸ’³
Escolher Frutas, eu quero escolher frutas, ğŸ
Encontrar Produtos, eu preciso encontrar produtos, ğŸ“¦",
Restaurante,"Fazer um Pedido, eu gostaria de fazer um pedido, ğŸ“‹
Escolher o Prato, eu quero escolher o prato, ğŸ½ï¸
Pedir a Conta, eu preciso pedir a conta, ğŸ’µ
Reservar Mesa, eu quero reservar uma mesa, ğŸª‘
Perguntar Sobre o CardÃ¡pio, eu gostaria de perguntar sobre o cardÃ¡pio, ğŸ“œ",
Calor,"Procurar Sombra, eu quero procurar sombra, ğŸŒ³
Beber Ãgua, eu preciso beber Ã¡gua, ğŸ’§
Usar Ventilador, eu quero usar o ventilador, ğŸŒ¬ï¸
Ligar o Ar Condicionado, eu gostaria de ligar o ar condicionado, â„ï¸
Vestir Roupas Leves, eu preciso vestir roupas leves, ğŸ‘•",
Sair,"Ir ao Supermercado, eu quero ir ao supermercado, ğŸ›’
Visitar um Amigo, eu gostaria de visitar um amigo, ğŸ 
Passear na Cidade, eu quero passear na cidade, ğŸ™ï¸
Ir ao Centro Comercial, eu quero ir ao centro comercial, ğŸ›ï¸
Participar de um Evento, eu gostaria de participar de um evento, ğŸ‰",
Cansado,"Descansar um Pouco, eu preciso descansar um pouco, ğŸ˜Œ
Sentar para Relaxar, eu quero sentar para relaxar, ğŸª‘
Fazer uma Pausa, eu preciso fazer uma pausa, â¸ï¸
Ir para Casa, eu gostaria de ir para casa, ğŸ¡
Deitar para Descansar, eu quero deitar para descansar, ğŸ›ï¸",
Sede,"Beber Ãgua, eu preciso beber Ã¡gua, ğŸ’§
Pedir uma Bebida, eu gostaria de pedir uma bebida, ğŸ¹
Procurar uma Fonte, eu quero procurar uma fonte, ğŸš°
Comprar uma Garrafa de Ãgua, eu quero comprar uma garrafa de Ã¡gua, ğŸ¼
Tomar Suco, eu gostaria de tomar suco, ğŸ¥¤",
Ajuda,"Preciso de Ajuda, eu preciso de ajuda, ğŸ¤²
Me DÃª uma MÃ£o, eu gostaria que vocÃª me ajudasse, ğŸ–ï¸
Ajudar com a Tarefa, eu preciso de ajuda com a tarefa, ğŸ“
Encontre AlguÃ©m para Ajudar, eu quero encontrar alguÃ©m para ajudar, ğŸ”
Ajuda Imediata, eu preciso de ajuda imediata, ğŸš¨",
Dor,"Sinto Dor, eu estou sentindo dor, ğŸ˜£
Preciso de AnalgÃ©sico, eu preciso de um analgÃ©sico, ğŸ’Š
Consultar um MÃ©dico, eu quero consultar um mÃ©dico, ğŸ©º
Pedir Ajuda para a Dor, eu preciso de ajuda para a dor, ğŸ†˜
Descrever a Dor, eu preciso descrever a dor, ğŸ“‹",
Banheiro,"Ir ao Banheiro, eu preciso ir ao banheiro, ğŸš»
Pedir para Usar o Banheiro, eu gostaria de usar o banheiro, ğŸš½
Lavar as MÃ£os, eu quero lavar as mÃ£os, ğŸ§¼
Buscar Papel HigiÃªnico, eu preciso de papel higiÃªnico, ğŸ§»
Desinfetar as MÃ£os, eu quero desinfetar as mÃ£os, ğŸ§´",
Pai,"Chamar o Pai, eu quero chamar o pai, ğŸ‘¨
Pedir Ajuda ao Pai, eu preciso pedir ajuda ao pai, ğŸ†˜
Conversar com o Pai, eu gostaria de conversar com o pai, ğŸ—£ï¸
Dizer ""Te Amo"", eu quero dizer ""te amo"" para o pai, â¤ï¸
Pedir PermissÃ£o ao Pai, eu preciso pedir permissÃ£o ao pai, âœ…",
MÃ£e,"Chamar a MÃ£e, eu quero chamar a mÃ£e, ğŸ‘§
Pedir Ajuda Ã  MÃ£e, eu preciso pedir ajuda Ã  mÃ£e, ğŸ†˜
Conversar com a MÃ£e, eu gostaria de conversar com a mÃ£e, ğŸ—£ï¸
Dizer ""Te Amo"", eu quero dizer ""te amo"" para a mÃ£e, â¤ï¸
Pedir PermissÃ£o Ã  MÃ£e, eu preciso pedir permissÃ£o Ã  mÃ£e, âœ…",
FamÃ­lia,"Reunir a FamÃ­lia, eu quero reunir a famÃ­lia, ğŸ¡
Fazer uma RefeiÃ§Ã£o Juntos, eu gostaria de fazer uma refeiÃ§Ã£o juntos, ğŸ½ï¸
Planejar um Encontro Familiar, eu quero planejar um encontro familiar, ğŸ“…
Compartilhar Boas NotÃ­cias, eu quero compartilhar boas notÃ­cias com a famÃ­lia, ğŸ‰
Conversar com a FamÃ­lia, eu gostaria de conversar com a famÃ­lia, ğŸ—£ï¸",
Tia,"Chamar a Tia, eu quero chamar a tia, ğŸ‘§
Pedir Ajuda Ã  Tia, eu preciso pedir ajuda Ã  tia, ğŸ†˜
Conversar com a Tia, eu gostaria de conversar com a tia, ğŸ—£ï¸
Dizer ""Te Amo"", eu quero dizer ""te amo"" para a tia, â¤ï¸
Pedir PermissÃ£o Ã  Tia, eu preciso pedir permissÃ£o Ã  tia, âœ…",
Primos,"Chamar o Primo, eu quero chamar o primo, ğŸ‘¦
Brincar com os Primos, eu gostaria de brincar com os primos, ğŸ®
Conversar com os Primos, eu quero conversar com os primos, ğŸ—£ï¸
Pedir Ajuda aos Primos, eu preciso pedir ajuda aos primos, ğŸ†˜
Passar Tempo com os Primos, eu quero passar tempo com os primos, ğŸ•’",
Amigos,"Chamar um Amigo, eu quero chamar um amigo, ğŸ‘‹
Marcar um Encontro, eu gostaria de marcar um encontro, ğŸ“…
Conversar com um Amigo, eu quero conversar com um amigo, ğŸ—£ï¸
Pedir Ajuda a um Amigo, eu preciso pedir ajuda a um amigo, ğŸ†˜
Fazer Atividades Juntos, eu quero fazer atividades juntos, ğŸ²",
Trabalho,"Ir para o Trabalho, eu preciso ir para o trabalho, ğŸ¢
Participar de ReuniÃ£o, eu quero participar da reuniÃ£o, ğŸ—‚ï¸
Completar Tarefas, eu preciso completar minhas tarefas, âœ…
Pedir Ajuda no Trabalho, eu gostaria de pedir ajuda no trabalho, ğŸ†˜
Receber InstruÃ§Ãµes, eu quero receber instruÃ§Ãµes, ğŸ“‹",
Necessidades,"Preciso de Ajuda, eu preciso de ajuda, ğŸ¤²
Buscar Suporte, eu quero buscar suporte, ğŸ†˜
Solicitar AssistÃªncia, eu gostaria de solicitar assistÃªncia, ğŸ› ï¸
Informar uma Necessidade, eu quero informar uma necessidade, ğŸ“¢
Pedir Recursos, eu preciso pedir recursos, ğŸ“¦",
Compras,"Comprar Roupas, eu quero comprar roupas, ğŸ‘—
Procurar Ofertas, eu gostaria de procurar ofertas, ğŸ·ï¸
Pagar Com CartÃ£o, eu preciso pagar com cartÃ£o, ğŸ’³
Escolher Presentes, eu quero escolher presentes, ğŸ
Verificar PreÃ§os, eu gostaria de verificar preÃ§os, ğŸ’µ",
Transporte,"Pegar Ã”nibus, eu preciso pegar o Ã´nibus, ğŸšŒ
Chamar um TÃ¡xi, eu quero chamar um tÃ¡xi, ğŸš–
Verificar HorÃ¡rios de Trem, eu gostaria de verificar os horÃ¡rios de trem, ğŸš†
Andar de MetrÃ´, eu quero andar de metrÃ´, ğŸš‡
Usar Bicicleta, eu gostaria de usar bicicleta, ğŸš²",
SaÃºde,"Marcar Consulta com Especialista, eu quero marcar uma consulta com especialista, ğŸ©º
Tomar Vitaminas, eu preciso tomar vitaminas, ğŸ’Š
Fazer ExercÃ­cios, eu quero fazer exercÃ­cios, ğŸ‹ï¸
Seguir Dieta, eu preciso seguir uma dieta, ğŸ¥—
Monitorar PressÃ£o Arterial, eu gostaria de monitorar minha pressÃ£o arterial, ğŸ“ˆ",
Lazer,"Ir ao Cinema, eu quero ir ao cinema, ğŸ¬
Assistir a um Show, eu gostaria de assistir a um show, ğŸ¤
Visitar um Museu, eu quero visitar um museu, ğŸ–¼ï¸
Fazer Passeio Cultural, eu gostaria de fazer um passeio cultural, ğŸ›ï¸
Participar de um Clube, eu quero participar de um clube, ğŸ“š",
Tecnologia,"Usar o Computador, eu quero usar o computador, ğŸ’»
Configurar o Smartphone, eu preciso configurar o smartphone, ğŸ“±
Atualizar Software, eu gostaria de atualizar o software, ğŸ”„
Procurar InformaÃ§Ãµes Online, eu quero procurar informaÃ§Ãµes online, ğŸŒ
Resolver Problemas TÃ©cnicos, eu preciso resolver problemas tÃ©cnicos, âš™ï¸",
Cozinha,"Preparar RefeiÃ§Ã£o, eu quero preparar uma refeiÃ§Ã£o, ğŸ³
Seguir Receita, eu gostaria de seguir uma receita, ğŸ“œ
Comprar Ingredientes, eu preciso comprar ingredientes, ğŸ›’
Organizar a Cozinha, eu quero organizar a cozinha, ğŸ§½
Limpar UtensÃ­lios, eu preciso limpar os utensÃ­lios, ğŸ§¼",
Estudos,"Revisar MatÃ©ria, eu preciso revisar a matÃ©ria, ğŸ“š
Fazer Pesquisa, eu gostaria de fazer uma pesquisa, ğŸ”¬
Participar de Grupo de Estudo, eu quero participar de um grupo de estudo, ğŸ§ 
Entregar Trabalho, eu preciso entregar um trabalho, ğŸ“
Preparar para ApresentaÃ§Ã£o, eu quero preparar para uma apresentaÃ§Ã£o, ğŸ“Š",
Relacionamentos,"Expressar GratidÃ£o, eu quero expressar minha gratidÃ£o, ğŸ™
Resolver Conflitos, eu preciso resolver conflitos, ğŸ¤
Planejar Encontro, eu gostaria de planejar um encontro, ğŸ“…
Mostrar Apoio, eu quero mostrar apoio, ğŸ¤—
Celebrar AniversÃ¡rio, eu gostaria de celebrar um aniversÃ¡rio, ğŸ‚",
OrganizaÃ§Ã£o,"Planejar Tarefas, eu preciso planejar tarefas, ğŸ“‹
Manter Agenda Atualizada, eu quero manter a agenda atualizada, ğŸ“…
Organizar Documentos, eu preciso organizar documentos, ğŸ“‚
Estabelecer Prioridades, eu gostaria de estabelecer prioridades, âœ…
Fazer Listas de Compras, eu quero fazer listas de compras, ğŸ“",
Rotina DiÃ¡ria,"Acordar, Ã© hora de acordar, â°
Lavar o Rosto, eu quero lavar o rosto, ğŸš¿
Escovar os Dentes, eu preciso escovar os dentes, ğŸª¥
Trocar de Roupa, eu preciso trocar de roupa, ğŸ‘•
Preparar a Mochila, eu quero preparar minha mochila, ğŸ’",
Atividades de Estudo,"Fazer LiÃ§Ã£o de Casa, eu preciso fazer a liÃ§Ã£o de casa, ğŸ“š
Assistir a Aula Online, eu quero assistir a aula online, ğŸ’»
Organizar Cadernos, eu preciso organizar meus cadernos, ğŸ““
Revisar Notas, eu quero revisar minhas notas, ğŸ“
Ler um Livro, eu gostaria de ler um livro, ğŸ“–",
SocializaÃ§Ã£o,"Brincar com Amigos, eu quero brincar com meus amigos, ğŸ§¸
Participar de Jogos em Grupo, eu gostaria de participar de jogos em grupo, ğŸ²
Compartilhar Brinquedos, eu preciso compartilhar meus brinquedos, ğŸš‚
Convidar para uma Festa, eu quero convidar alguÃ©m para uma festa, ğŸ‰
Conversar no Intervalo, eu quero conversar com amigos no intervalo, ğŸ—£ï¸",
Autocuidado,"Usar Creminho, eu quero usar creme, ğŸ§´
Escolher Roupas, eu preciso escolher minhas roupas, ğŸ‘—
Organizar Meu EspaÃ§o, eu quero organizar meu espaÃ§o, ğŸ§¹
Lavar a LouÃ§a, eu preciso lavar a louÃ§a, ğŸ½ï¸
Fazer um Desenho, eu gostaria de fazer um desenho, ğŸ¨",
TransiÃ§Ã£o e MudanÃ§a,"Preparar para Sair, eu quero me preparar para sair, ğŸšª
Mudar de Atividade, eu preciso mudar de atividade, ğŸ”„
Acabar uma Tarefa, eu preciso acabar uma tarefa antes de comeÃ§ar outra, âœ…
Avisar Antes de Sair, eu quero avisar antes de sair, ğŸ“¢
Adaptar a Nova Rotina, eu preciso me adaptar a uma nova rotina, ğŸ“…",
Comida,"Escolher um Lanche, eu quero escolher um lanche, ğŸ
Pedir Ajuda para Comer, eu preciso de ajuda para comer, ğŸ½ï¸
Beber Ãgua, eu quero beber Ã¡gua, ğŸ’§
Seguir uma Receita Simples, eu gostaria de seguir uma receita simples, ğŸ“‹
Preparar um SanduÃ­che, eu quero preparar um sanduÃ­che, ğŸ¥ª",
Descanso e Relaxamento,"Fazer uma Pausa, eu preciso fazer uma pausa, â¸ï¸
Ouvir MÃºsica Relaxante, eu gostaria de ouvir mÃºsica relaxante, ğŸ¶
Ler um Livro Calmo, eu quero ler um livro calmo, ğŸ“–
Fazer uma Atividade Relaxante, eu gostaria de fazer uma atividade relaxante, ğŸ§©
Usar uma Almofada ConfortÃ¡vel, eu quero usar uma almofada confortÃ¡vel, ğŸ›‹ï¸",
Ajuda com EmoÃ§Ãµes,"Falar Sobre Sentimentos, eu quero falar sobre meus sentimentos, ğŸ—£ï¸
Pedir um AbraÃ§o, eu preciso de um abraÃ§o, ğŸ¤—
Desenhar para Relaxar, eu quero desenhar para relaxar, ğŸ¨
Pedir um Tempo, eu preciso de um tempo para mim, â³
Usar uma TÃ©cnica de RespiraÃ§Ã£o, eu quero usar uma tÃ©cnica de respiraÃ§Ã£o, ğŸŒ¬ï¸",
Atividades ao Ar Livre,"Ir ao Parquinho, eu quero ir ao parquinho, ğŸ›
Brincar na Grama, eu gostaria de brincar na grama, ğŸŒ¿
Explorar o Jardim, eu quero explorar o jardim, ğŸŒ¼
Correr no Quintal, eu quero correr no quintal, ğŸƒ
Participar de um Esporte, eu gostaria de participar de um esporte, âš½",
Rotina de Sono,"Preparar para Dormir, eu preciso preparar para dormir, ğŸ›ï¸
Ler uma HistÃ³ria, eu quero ler uma histÃ³ria antes de dormir, ğŸ“–
Colocar o Pijama, eu quero colocar o pijama, ğŸ‘˜
Desligar as Luzes, eu preciso desligar as luzes, ğŸ’¡
Usar um PelÃºcia, eu quero usar um pelÃºcia para dormir, ğŸ§¸",
Escolhas e PreferÃªncias,"Escolher um Filme, eu quero escolher um filme, ğŸ¥
Decidir o Que Vestir, eu preciso decidir o que vestir, ğŸ‘—
Selecionar um Brinquedo, eu gostaria de selecionar um brinquedo, ğŸ§¸
Escolher o Lugar para Comer, eu quero escolher onde comer, ğŸ½ï¸
Optar por uma Atividade, eu preciso optar por uma atividade, ğŸ¨",
Atividades em Casa,"Arrumar o Quarto, eu preciso arrumar o quarto, ğŸ›ï¸
Limpar a Mesa, eu quero limpar a mesa, ğŸ§½
Organizar Brinquedos, eu preciso organizar meus brinquedos, ğŸ§¸
Preparar a Sala para Jogos, eu quero preparar a sala para jogos, ğŸ 
Ajudar na Cozinha, eu gostaria de ajudar na cozinha, ğŸ³",
Encontros e Visitas,"Receber Visita, eu quero receber uma visita, ğŸ 
Fazer uma VideoconferÃªncia, eu preciso fazer uma videoconferÃªncia, ğŸ“¹
Convidar para uma Festa, eu quero convidar alguÃ©m para uma festa, ğŸ‰
Planejar um Encontro, eu gostaria de planejar um encontro, ğŸ“…
Fazer uma Chamada de VÃ­deo, eu quero fazer uma chamada de vÃ­deo, ğŸ“±",
Rotina de ManhÃ£,"Tomar CafÃ© da ManhÃ£, eu quero tomar cafÃ© da manhÃ£, ğŸ¥£
Vestir-se para o Dia, eu preciso vestir-me para o dia, ğŸ‘•
Verificar a Agenda, eu quero verificar a agenda, ğŸ“…
Arrumar a Cama, eu preciso arrumar a cama, ğŸ›ï¸
Preparar o Material Escolar, eu quero preparar meu material escolar, ğŸ’",
Momentos de Estudo,"Fazer uma RevisÃ£o RÃ¡pida, eu quero fazer uma revisÃ£o rÃ¡pida, ğŸ“š
Completar um ExercÃ­cio, eu preciso completar um exercÃ­cio, ğŸ“
Ler um CapÃ­tulo, eu gostaria de ler um capÃ­tulo, ğŸ“–
Organizar Materiais de Estudo, eu quero organizar meus materiais de estudo, ğŸ“‚
Fazer um Desenho para Entender Melhor, eu quero fazer um desenho para entender melhor, ğŸ¨",
Cuidados Pessoais,"Usar Protetor Solar, eu preciso usar protetor solar, ğŸ§´
Hidratar a Pele, eu quero hidratar a pele, ğŸ§´
Cortar as Unhas, eu preciso cortar as unhas, âœ‚ï¸
Escovar o Cabelo, eu quero escovar o cabelo, ğŸ’‡
Usar Ã“culos, eu preciso usar Ã³culos, ğŸ¤“",
Atividades de Relaxamento,"Ouvir MÃºsica Calmante, eu quero ouvir mÃºsica calmante, ğŸ¶
Fazer Alongamentos, eu preciso fazer alongamentos, ğŸ¤¸
Assistir a um VÃ­deo Relaxante, eu gostaria de assistir a um vÃ­deo relaxante, ğŸ“º
Usar um Cobertor ConfortÃ¡vel, eu quero usar um cobertor confortÃ¡vel, ğŸ›Œ
Desenhar em um Caderno, eu quero desenhar em um caderno, ğŸ““",
SaÃ­da de Casa,"Preparar a Mochila, eu preciso preparar a mochila, ğŸ’
Verificar o Tempo, eu quero verificar o tempo antes de sair, â˜€ï¸
Colocar Protetor Solar, eu preciso colocar protetor solar, ğŸ§´
Levar uma Garrafa de Ãgua, eu quero levar uma garrafa de Ã¡gua, ğŸ¼
Avisar onde Vou, eu preciso avisar onde vou, ğŸ“¢",
DÃºvidas e Perguntas,"Pedir ExplicaÃ§Ã£o, eu quero pedir uma explicaÃ§Ã£o, â“
Consultar uma InformaÃ§Ã£o, eu preciso consultar uma informaÃ§Ã£o, ğŸ“š
Perguntar Sobre um Problema, eu gostaria de perguntar sobre um problema, ğŸ¤”
Esclarecer uma DÃºvida, eu quero esclarecer uma dÃºvida, ğŸ—¨ï¸
Pedir Ajuda com uma Tarefa, eu preciso de ajuda com uma tarefa, ğŸ› ï¸",
Animais de EstimaÃ§Ã£o,"Dar Comida ao Pet, eu quero dar comida ao meu pet, ğŸ•
Levar para Passeio, eu preciso levar o pet para um passeio, ğŸ¦´
Trocar Ãgua do Bebedouro, eu quero trocar a Ã¡gua do bebedouro, ğŸ’§
Escovar o Pet, eu preciso escovar o pet, ğŸ©
Brincar com o Pet, eu quero brincar com o pet, ğŸ¾",